ass,asses,asshat,asshole,assholes,jackass
dumbass,dumbasses
bastard,bastards
bitch,bitches,bitchy
crap,crappy
cunt,cunts
cock,cocks,cocksucker
dick,dicks,dickhead
fuck,fucking,fucker,fuckers,fuckin,fucku,fuckyou,fuckoff,fck,wtf
motherfucker,motherfucking
faggot,faggots,fag,fags
pussy,pussies
retard,retards,retarded
horny
nigga,niggas,nigger,niggers
shit,shits,shitty,bullshit,shithead,dipshit
slut,sluts,slutty
wank,wanker,wankers
whore,whores
jerk,jerkoff
stfu
개같은
개년
개놈
개소리
닥쳐
뒤져
걸레
벙신
병신
빡대가리
빨아
섹스
썅
쌍놈
쌍년
씨발
씨바
씨빨
씨팔
씨파
시발
시바
시빨
시팔
시파
쓰벌
써벌
엿같은
엿먹어
잡년
새끼
졸라
지랄
좆
ㅈ까
창녀
쳐죽여
패드립
느금마
느개비
존나
미친
애미
니미
ㅅㅂ
ㅆㅂ
ㅅㅍ
ㅂㅅ
ㅄ
ㅈㄹ
ㄱㅅㄲ
ㄷㅊ
ㅅㄲ
ㅊㄴ
ㄴㄱㅁ
ㅁㅊ
노무현
노짱
노쨩
놈현
응디
부엉이바위
봉하마을
운지
중력절
김대중
슨상님
우흥
노알라
북딱
흔드르라
딸딸
ㅈ같
qt
tq
sibal
cibal
cybal
ㅗ
tlqk
ㅅ발
ㅆ발
ez
꺼져
ㄲㅈ
좇
ㅂ신
련아
년아
찐따
qudtls
병sin
병tls
qud신
q신
븅신
&k
§k
쉬발
노곰마
느억맘
니엄창